depto,loc,dire,distri,phono,MAM,rs,cod,x,y
Montevideo,Montevideo,Camino Cibils 6898,Axion,2312 3837,1,Baltisur S.A.,317,,
Canelones,Aeropuerto,Ruta 101 km 19 y yacaré,Ducsa,2682 7054,1,CELEMYR S.A.,121,-56.02439209,-34.84526214
Canelones,Barra de Carrasco,Av. Giannttasio 8300,Petrobras,2604 1546,1,MISUROL S.A.,151,-56.02867519,-34.87162276
Canelones,Barra de Carrasco,Rbla. Costanera s/n y Lavalleja,Ducsa,2601 5358 - 2604 1557,1,DINEX S.R.L.,129,-56.03004266,-34.87824582
Canelones,Barra de carrasco,Avda. al Pque. Roosvelt y Costanera,Petrobras,2604 1546,1,TREBOL AZUL S.A.,170,-56.02378263,-34.87423735
Canelones,Canelón Chico,"Ruta 69 km 30,250",Ducsa,2368 9634 - 2368 9684,1,Barcello Hnos. S.R.L.,114,-56.18287874,-34.66226587
Montevideo,Montevideo,J.José de Amézaga 1896 esq Democracia,Axion,2200 4948,1,FOICAL S.A.,362,-56.17740414,-34.88675736
Montevideo,Montevideo,Bvar. Artigas 3954,Axion,2200 6484,1,PELTIR S.A.,419,-56.19066015,-34.87113632
Canelones,Canelones,Treinta y Tres esq. Figueroa,Petrobras,2332 6184,0,VOYAGER LTDA.,175,-56.28179046,-34.53001237
Montevideo,Montevideo,General Flores 2802,Axion,2208 4999,1,SERVICENTRO GOES S.R.L.,435,-56.17921453,-34.87632653
Canelones,El Pinar,Av. Gianatassio km 28.500,Ducsa,2698 3853,1,BRACORAL S.A.,116,-55.91912868,-34.8006259
Montevideo,Montevideo,GRAL. SAN MARTIN 3140 ESQ. FOMENTO,Axion,2208 7877,1,IVONIL SOCIEDAD ANONIMA,322,-56.18123335,-34.86883188
Canelones,La Paz,Avda. Artigas s/n esq. La Merced,Ducsa,2362 3100,1,ESTACIÓN VIALE DE LA PAZ S.A.,133,-56.22400265,-34.75142575
Canelones,La Paz,J. Battle y Ordoñez 259,Petrobras,2362 2388,1,Meger Ltda.,150,-56.22575876,-34.76277971
Canelones,La Paz,"Ruta 5 km 19,700",Ducsa,2362 3142 - 2362 2169,1,TAFIBEL S.A.,167,-56.2532801,-34.75003927
Canelones,Lagomar,Avda. Giannattasio km 21,Ducsa,2682 2002 -2682 0980,1,ESTACION LAGOMAR LTDA.,132,-55.98912149,-34.83911194
Canelones,Lagomar,Rbla. Costanera y Ecuador,Ducsa,2682 4794 - 2682 0464 - 094422673,1,Itinol S.A.,141,-55.99576679,-34.86016577
Canelones,Las Piedras,Dr. Pouey 662,Ducsa,2364 5570 - 2364 8075,1,BREGU S.R.L.,117,-56.22395812,-34.72925171
Canelones,Las Piedras,Avda. Artigas y  Rep. Argentina,Ducsa,2364 4573,1,MEC LTDA.,149,-56.21111663,-34.72696455
Montevideo,Montevideo,Luis A. de Herrera 2092,Axion,2209 1625,1,GAMBER S.A.,366,-56.14727218,-34.88890869
Montevideo,Montevideo,Luis A. de Herrera 4097,Axion,2209 1625,1,RIMA LTDA.,428,-56.1861045,-34.86139279
Montevideo,Montevideo,Agraciada 2704,Axion,2209 7433,1,ACRONAR S.A.,303,-56.1948836,-34.88200577
Canelones,Progreso,Ruta 5 vieja km 29 esq. Colonia,Ducsa,2368 9020,1,ARCO LTDA.,111,-56.22197665,-34.66297124
Montevideo,Montevideo,José L. Terra 2547 y Concepción Arenal,Axion,2209 8195,1,USIREL S.A.,449,-56.18105451,-34.88120325
Montevideo,Montevideo,Gral. Flores 5101,Axion,2211 6018,1,"ALFAMAQ S.A.
",309,-56.14868262,-34.83770628
Montevideo,Montevideo,Gral. Flores 4593,Axion,2215 2120,1,CORRALES S.R.L.,334,-56.15587708,-34.84652425
Montevideo,Montevideo,Nicolás de Herrera 4001,Axion,2215 2965,1,Masula Limitada,401,-56.16363202,-34.85594358
Montevideo,Montevideo,San Martín 3904,Axion,2216 1391,1,D 2 S.R.L,335,-56.17241628,-34.85391847
Montevideo,Montevideo,Bvar. José Batlle y Ordoñez  3604,Axion,2216 8897,1,URDANCO S.A.,447,,
Canelones,Joaquín Suárez,"Ruta 8 Km. 24,200 c/ Ruta 74 solar 1",Axion,2288 7915 - 2288 3992,1,MODADOL S.R.L.,152,-56.01668282,-34.76251405
Montevideo,Montevideo,Carlos Ma. Ramírez N° 43 esq. J. Laguna,Axion,2305 1177,1,DANSER LTDA.,338,-56.22256629,-34.85528276
Montevideo,Montevideo,San Quintín 4365,Axion,2305 5305 - 2307 2717,1,SANTA LUCIA LTDA.,431,-56.22345839,-34.85296707
Montevideo,Montevideo,Uruguayana 3655,Axion,2308 0210,1,FERROMAR S.R.L.,361,-56.21225944,-34.8668031
Montevideo,Montevideo,Carlos María Ramirez 1615,Axion,2311 1486,1,GALEN LTDA,365,-56.24940954,-34.87400983
Montevideo,Montevideo,Avda. Luis Batlle Berres 6620,Axion,2312 3325 - 2312 7365,1,CARLOS A. OTERO LTDA.,325,-56.2729687,-34.83587191
Montevideo,Montevideo,Garzón 1901 esq Lanús,Axion,2320 9420,1,COLON S.C.,333,-56.22216116,-34.80643047
Montevideo,Montevideo,CESAR MAYO GUTIERREZ 2686 Y CNO. VARZI,Axion,2323 8248,1,GOOBASS S.A.,371,,
Montevideo,Montevideo,Joaquín Suárez 3799,Axion,2336 1046,1,Arrieta Aldo y Sanguinet Eduardo (Soc de h.),314,-56.1966575,-34.8580148
Montevideo,Montevideo,Bvar. José Batlle y Ordoñez  4843 esq. Instrucciones,Axion,2355 0751,1,GASPOINT LTDA.,369,,
Montevideo,Montevideo,Marconi 1158,Axion,2359 0950,1,SERVICENTRO MONDELLI SRL.,436,-56.2102583,-34.83307729
Canelones,Las Piedras,"Dr. Pouey  583 , Ruta 5 vieja",Axion,2364 4703,1,OROFIL S.A.,154,-56.22363124,-34.72619661
Canelones,Las Piedras,Dr. Pouey esq Colman,Axion,2364 6630,1,VANDEY S.A.,172,-56.223586,-34.73421348
Montevideo,Montevideo,Miguelete 1886,Axion,2402 4901,1,REMITEC S.A.,426,-56.17876345,-34.89426342
Montevideo,Montevideo,Uruguay 1639,Axion,2408 2125,1,MACEC S.R.L.,397,-56.18218832,-34.90120477
Montevideo,Montevideo,18 de julio 2246,Axion,2409 8045 - 2409 5540,1,Beisso quijano francisco,343,-56.16715452,-34.89872624
Montevideo,Montevideo,Constituyente 1654,Axion,2418 3020,1,SHOWMIL S.A.,438,-56.18054536,-34.90617918
Montevideo,Montevideo,Garibaldi  2454,Axion,2480 9522,1,MOBILER S.A.,407,-56.16571798,-34.88517372
Montevideo,Montevideo,Ramón Anador 3439,Axion,2487 8309,1,ALFA S.R.L.,308,-56.14181344,-34.89506686
Montevideo,Montevideo,Bvar. Batlle y Ordoñez  3326,Axion,2508 0785,1,SERINAL S.A.,434,-56.15637559,-34.87238601
Montevideo,Montevideo,Av. 8 de Octubre 4155 y Enrique Clay,Axion,2508 9555,1,TRISAB S.A.,446,-56.13499881,-34.86925709
Montevideo,Piedras Blancas,J. Belloni  4643,Ducsa,2227 7312,1,KANTA S.A.,379,-56.1395183,-34.81723013
Montevideo,Montevideo,Cno. Madonado 5943,Axion,2514 0763,1,BELLA ITALIA S en C.,321,-56.11818768,-34.83771447
Montevideo,Pueblo Victoria,Emilio Romero 255,Ducsa,2309 3770,1,Rafael Bastida y Cia Ltda.,423,-56.22040183,-34.86162213
Montevideo,Toledo Chico,Avda. de las Instrucciones km 21 5555,Ducsa,2222 2041 - 2222 2095,1,LUIS OTTONELLO Y CIA. S.A.,393,-56.1082884,-34.75275399
Montevideo,Villa García,Ruta 8 casi km 19 (Zonamérica),Ducsa,2227 8359,1,ALQUIMIA 4 LTDA,310,-56.06845022,-34.79232923
Montevideo,Piedras Blancas,José Belloni 4350,Axion,2514 3654,1,Lesi S.R.L.,389,-56.14037688,-34.8243903
Montevideo,Montevideo,8 de octubre 4453 y Vera,Ducsa,2508 7806,1,ALBA ALONSO E HIJOS,305,-56.13410982,-34.86397433
Montevideo,Montevideo,Avda. Luis Batlle Berres 144 esq. Laguardia,Ducsa,2312 0040,1,ALBERTO MORALES Y CARMEN CASTELLO S.R.L.,306,-56.35383819,-34.78862273
Montevideo,Montevideo,D.A. Larrañaga 4503,Axion,2514 5358,1,Nigran S.R.L.,415,-56.14865953,-34.85052926
Montevideo,Montevideo,Camino Maldonado 7377 Ruta 8,Axion,2514 6282,1,LAZCANO S.R.L.,387,-56.09187848,-34.80783819
Montevideo,Montevideo,Avda. 8 de octubre  4652,Axion,2514 8340,1,"ESTACION ""LA CURVA"" S.R.L.",347,-56.13346215,-34.85952116
Montevideo,Montevideo,Rambla Gran Bretaña s/n,Ducsa,2915 1565 - 2915 8604,1,ARANDU S.R.L.,312,-56.20081509,-34.91020968
Montevideo,Montevideo,Avda. Arocena 1604,Ducsa,2600 1922 - 2600 0963,1,AROCENA S.R.L.,313,-56.05708727,-34.88858946
Montevideo,Montevideo,Cambay 2504,Axion,2525 1384,1,DELMAR S.R.L.,340,-56.11129708,-34.87005749
Montevideo,Montevideo,Puntas de Santiago 1507,Axion,2600 1884 - 2604 2594,1,"BEISO QUIJANO, FRANCISCO",320,-56.05828541,-34.89275539
Montevideo,Montevideo,Av. Italia 7548,Axion,2600 4374,1,LEGAMAR S.R.L.,388,-56.03873871,-34.87589182
Montevideo,Montevideo,Con Carrasco 4699 e H. Irigoyen,Ducsa,2525 5762,1,BANTEL S.A.,318,-56.11614158,-34.87110823
Montevideo,Montevideo,Bartolito Mitre 2553,Ducsa,2709 6211,1,BAT LTDA.,319,-56.15840882,-34.90714503
Montevideo,Montevideo,Av. José Ma. Paz  1306,Axion,2600 5397,1,ELICAR S.A.,345,-56.08021095,-34.89582445
Montevideo,Montevideo,Rambla O´Higgins 5245,Axion,2619 0206 - 2619 0520,1,FANIRAL S.A.,357,-56.09192704,-34.89495676
Montevideo,Montevideo,Rivera 4106 esq. Bvar. B yOrdóñez,Axion,2619 0741 - 2613 8612,1,N Y R LTDA.,411,-56.1242644,-34.89742824
Montevideo,Montevideo,Ellauri 1287,Petrobras,2707 0379,1,BLOFIN S.A.,323,-56.14981666,-34.90794106
Montevideo,Montevideo,Millán 4403 y Las Violetas,Ducsa,2309 2247,1,BOMGREEN S.A.,324,-56.20645883,-34.84372975
Montevideo,Montevideo,Alejo Rossell y Rius 1702,Axion,2628 3220,1,OMBU S.R.L.,417,-56.14683274,-34.89616245
Montevideo,Montevideo,Rambla O'Higgins  4897,Ducsa,2619 0911,1,CASA AÑON S.A.,326,-56.10124609,-34.89711137
Montevideo,Montevideo,Avda. Agraciada 2434/42,Ducsa,2924 3710 - 2924 3723,1,Cegema Ltda,327,-56.19024268,-34.8871158
Montevideo,Montevideo,José Serrato 3250,Ducsa,2508 3927,1,CEROCA S.R.L.,329,-56.15123007,-34.86203017
Montevideo,Montevideo,Avda. Don Pedro de Mendoza 5895,Ducsa,2222 4712,1,CHARITON S.A,330,-56.16171514,-34.80662452
Montevideo,Montevideo,8 de Octubre 4354,Petrobras,2508 8608,1,COBRAL S.A.,331,-56.1338683,-34.86591874
Montevideo,Montevideo,Millán 2600,Petrobras,2209 0376,1,COLBEN LTDA.,332,-56.18709019,-34.87788877
Montevideo,Montevideo,26 de marzo 3181 esq. La Gaceta,Axion,2628 4718 - 2628 3567,1,LA GACETA S.R.L.,382,-56.1449375,-34.90712235
Canelones,Shangrilá,Ruta 101 N° 2446,Axion,2682 7840 - 2682 8899 - 2682 7490,1,ELANET S.A.,131,-56.01488509,-34.84309034
Canelones,San José de Carrasco,"Avda. Giannattasio  km 20,200",Axion,2682 7867 - 2682 7868 - 2682 7869,1,AUTOPRO S.A.,112,-55.99663537,-34.84251738
Montevideo,Montevideo,Avda. Italia 2905,Ducsa,2487 7131 - 2487 7135,1,DANALIN S.A.,336,-56.15191562,-34.89016448
Montevideo,Montevideo,Luis A. de Herrera 1356,Ducsa,2628 5868,1,DANDAL S.R.L.,337,-56.13800511,-34.90188977
Canelones,Ciudad,Avda. Giannattasio km 23.300,Axion,2695 7919 - 2696 5008,1,SERVICENTRO SOLYMAR S.R.L,165,-55.96826914,-34.82789325
Montevideo,Montevideo,Bvar. Artigas 1150,Petrobras,2708 0052,1,DEFLORES S.A.,339,-56.16338911,-34.90688412
Montevideo,Montevideo,Av. Rivera 2360 esq. Bvar. Artigas,Axion,2707 2128,1,ARTENOVA S.A.,315,-56.16384033,-34.90241603
Montevideo,Montevideo,Av. Garzón 1896,Petrobras,2323 8040,1,DERIN S.A.,341,-56.22158048,-34.80668011
Montevideo,Montevideo,Avda. Soca 1151 esq. Libertad ,Axion,2707 2595,1,VORGAN S.A.,455,-56.15398116,-34.90832924
Montevideo,Montevideo,Bvar. Artigas 620 esq. Echevarría,Axion,2710 4411 - 2712 5310,1,Rigual S.R.L.,427,-56.16220284,-34.91715903
Montevideo,Montevideo,Avda. Italia 5775,Petrobras,2601 8060,1,ELIASUR S.A.,344,-56.07877879,-34.88104327
Montevideo,Montevideo,Roque Graseras 887,Axion,2710 8541,1,DIAMESIL S.A.,342,-56.15073512,-34.91498414
Montevideo,Montevideo,Rambla República Argentina s/n y Ejido,Ducsa,2901 5873 - 2908 6853,1,ERGUS S.R.L,346,-56.18515106,-34.9151982
Montevideo,Montevideo,Avda. 21 de Setiembre 2534,Axion,2711 2175,1,ALESO S.R.L.,307,-56.16082164,-34.91446172
Montevideo,Montevideo,Av. Rivera 3705,Ducsa,2622 5624 - 2622 6221,1,ESTACION BUCEO LTDA.,348,-56.13310161,-34.89932469
Montevideo,Montevideo,Uruguayana 3497 y Capurro,Ducsa,2309 1628,1,ESTACIÓN CAPURRO S.R.L.,349,-56.2091873,-34.87017031
Montevideo,Montevideo,Rambla Wilson s/n  esq. Bvar. Artigas,Ducsa,2710 6568,1,ESTACION EL FARO S.R.L.,350,-56.16274602,-34.92824381
Montevideo,Montevideo,Rivera 5259,Ducsa,2613 4265,1,ESTACION INDEPENDENCIA S.R.L.,351,-56.09444239,-34.89083882
Montevideo,Montevideo,Avenida Italia 4095,Ducsa,2619 4756,1,Estación Luján S.R.L.,352,-56.12294873,-34.88674882
Montevideo,Montevideo,C.M. Gutierrez 2164,Ducsa,2320 9113,1,ESTACION OLIMPIA S.R.L.,353,-56.22430185,-34.79744131
Montevideo,Montevideo,José Belloni 4100,Ducsa,2514 2863,1,ESTACIÓN PIEDRAS BLANCAS S.R.L.,354,-56.14055047,-34.82922053
Montevideo,Montevideo,Batlle y Ordoñez  2901,Ducsa,2481 6037,1,ESTACION UNION LTDA.,356,-56.14909967,-34.8786436
Montevideo,Montevideo,Galicia 817,Axion,2900 6464,1,VANY SOCIEDAD ANÓNIMA,450,-56.19937305,-34.90081279
Montevideo,Montevideo,Ruta 1 (km.10.300) Nº 2564,Petrobras,2318 0709,1,FELEMARK S.A.,358,-56.27889907,-34.85277276
Montevideo,Montevideo,Cno. Maldonado km 13 OF 89.,Ducsa,2514 5728 - 2511 7604,1,FERALVA LTDA.,359,-56.10111951,-34.82401792
Montevideo,Montevideo,Avda. Gral. Flores 5049,Petrobras,2215 6790,1,FERRARI S.R.L.,360,-56.1496228,-34.83891868
Montevideo,Montevideo,Canelones 1205 esq. Zelmar Miquellini,Axion,2901 4890 ,1,LARDEY S.A.,385,-56.19005009,-34.90854248
Montevideo,Montevideo,Av. Libertador 1942,Axion,2924 1235,1,Libertador S.R.L.,390,-56.18891014,-34.89543967
Montevideo,Montevideo,Garibaldi 1902,Ducsa,2203 4196,1,FRANCA S.R.L.,363,-56.17831898,-34.87686121
Montevideo,Montevideo,Luis A de Herrera  3856,Petrobras,2200 2427,1,FYSA LTDA.,364,-56.17916355,-34.86270181
Montevideo,Montevideo,Miguelete 1539,Axion,2924 3000,1,LOBAR LTDA.,391,-56.18457031,-34.89707139
Montevideo,Montevideo,Juan D. Jackson 1219,Petrobras,2409 0111,1,GARAGE AMBASSADOR S.A.,367,-56.17335401,-34.90697738
Montevideo,Montevideo,Juanicó 3615,Ducsa,2508 9234,1,GARAGE ARAMBEL S.R.L,368,-56.14512018,-34.87532011
Montevideo,Montevideo,Miguelete 1996,Ducsa,2408 2841,1,GON GON S.R.L.,370,-56.17622462,-34.89304513
Montevideo,Montevideo,Avda. Italia 5057,Ducsa,2613 6168,1,GRAND PRIX LTDA.,372,-56.09884249,-34.88537966
Montevideo,Montevideo,Benito Blanco 635,Ducsa,2710 3672,1,"IGLESIA MASEDA, CARLOS",373,-56.15157743,-34.92047803
Montevideo,Montevideo,Av. Italia 5695,Petrobras,2600 1312,1,INTERCAR S.A.,374,-56.08395935,-34.88278569
Montevideo,Montevideo,Av. De las Instrucciones 4196,Ducsa,2222 3365,1,Intybel Ltda.,375,-56.13525489,-34.78038784
Montevideo,Montevideo,Avda. Pedro de Mendoza  6044,Ducsa,2222 6524,1,J.S. LTDA.,376,-56.1653811,-34.79038619
Montevideo,Montevideo,Cooper 2490,Ducsa,2601 3881 - 2601 5884,1,JIGAMA LTDA.,377,-56.06922355,-34.87034912
Montevideo,Montevideo,RBLA.REP.CHILE 4256,Ducsa,2613 0376,1,"CASAL DOGLIOTTI, JOSE P.",378,-56.11929369,-34.89807618
Montevideo,Montevideo,San Martín 2939/47,Ducsa,2208 3038,1,KONSOL S.A.,380,-56.18286534,-34.87204381
Montevideo,Montevideo,8 de octubre 3181,Ducsa,2486 0955 - 2481 6024,1,La Eskina 8 S.R.L.,381,-56.1519909,-34.88144006
Montevideo,Montevideo,Avda. Dr. Luis A. de Herrera 3477,Petrobras,2200 0876,1,La Riviera Ltda.,383,-56.17117867,-34.86756962
Montevideo,Montevideo,Garzón 1599,Ducsa,2320 1837,1,LAN CAM S.R.L.,384,-56.22067222,-34.81547222
Montevideo,Montevideo,Dr. L.H de Herrera 2803 y L. Gómez,Ducsa,2481 8100,1,Larrañaga S.R.L.,386,-56.15663291,-34.87776552
Montevideo,Montevideo,Cno. Maldonado 5703 esq. Libia,Petrobras,2514 0690,1,LOS PINOS,392,-56.1248009,-34.84165604
Montevideo,Montevideo,Avda. Gral. Rondeau 2109,Ducsa,2924 2817,1,LUISES S.R.L.,394,-56.1931889,-34.89121148
Montevideo,Montevideo,Bvar. Artigas 3785 esq. Burgues,Ducsa,2203 4811 - 2209 4281,1,LUNA S.R.L.,395,-56.18573436,-34.87127893
Montevideo,Montevideo,Gral. Flores 2204,Ducsa,2203 4325,1,Lusan S.R.L.,396,-56.18386375,-34.88503731
Montevideo,Montevideo,Juan José de Amézaga 2051,Petrobras,2203 3407,1,MAGNO LTDA.,398,-56.17389354,-34.88482626
Montevideo,Montevideo,Avda.  Libertador esq. Cerro Largo,Ducsa,2900 2032 - 2901 3773 - 2902 6987,1,MALCAR S.R.L.,399,-56.1920338,-34.90174768
Montevideo,Montevideo,José B. y Ordoñez 3255,Ducsa,2481 6104 - 2481 7704,1,MARNE LTDA.,400,-56.16648461,-34.8653045
Montevideo,Montevideo,Av. Agraciada 3653 y F. Gómez,Ducsa,2304 2097,1,MEDELYR S.A.,402,-56.20939854,-34.86549554
Montevideo,Montevideo,Avda italia 4304,Ducsa,2613 0921 - 2613 4237 - 2613 1241,1,MELTA LTDA,403,-56.11435882,-34.88758903
Montevideo,Montevideo,Democracia 1740,Ducsa,2400 4446 - 099157111 - 2409 4536,1,MILEBAN S.A.,404,-56.17580267,-34.89667372
Montevideo,Montevideo,Solano García 2576,Petrobras,2712 6922,1,MISUROL S.A.,405,-56.15692557,-34.92411607
Montevideo,Montevideo,Rbla. Baltazar Brum 2746,Petrobras,2204 2330,1,MISUROL S.A.,406,-56.20113994,-34.88108697
Montevideo,Montevideo,Bvard. Batlle y Ordóñez 2545 y Cardal,Ducsa,2481 5874,1,Montereal S.R.L,408,-56.1423537,-34.8835642
Montevideo,Montevideo,18 de julio 1928 AL 34,Ducsa,2409 0488 - 2402 8160,1,MONTES ROJO LTDA.,409,-56.17439423,-34.90150791
Montevideo,Montevideo,Av. Italia 4776,Petrobras,2619 0521,1,Movirec S.A.,410,-56.10447929,-34.88632881
Montevideo,Montevideo,8 de octubre 2950,Petrobras,2480 04 12,1,NAVIA S.R.L.,412,-56.15650467,-34.8852773
Montevideo,Montevideo,Gral Pagola 2240,Petrobras,2409 7441,1,NETY S.A.,413,-56.16598717,-34.88990311
Montevideo,Montevideo,Dr. Fernández Crespo 2197 y Nicaragua,Ducsa,2924 2625,1,NICRE LTDA.,414,-56.18460253,-34.89350424
Montevideo,Montevideo,Uruguayana 3328,Ducsa,2309 7325,1,Ocho Ltda.,416,-56.20488452,-34.8731951
Montevideo,Montevideo,"Ruta 1 km 17,500",Ducsa,2312 1066 - 2312 0997,1,PETROSUR LTDA.,420,-56.34441898,-34.81856923
Montevideo,Montevideo,Gral. Flores  3090,Ducsa,2209 0289,1,PONTINVREA S.R.L.,421,-56.17404273,-34.87049908
Montevideo,Montevideo,Av. Italia 3540 e Irlanda,Ducsa,2508 6691,1,PUNTA DEL ESTE S.R.L.,422,-56.1350769,-34.88692455
Montevideo,Montevideo,Carlos Ma. Ramírez 1695,Ducsa,2311 1386 - 2311 6015,1,RAISAN LTDA.,424,-56.25105987,-34.8742726
Montevideo,Montevideo,Avda. Dámaso Antonio Larrañaga 4206,Ducsa,2508 0619 - 2508 0619,1,RAMON VARELA DOMINGUEZ,425,-56.15022649,-34.85867049
Montevideo,Montevideo,Avda. Italia 2625,Ducsa,2481 5856,1,ROMEO HITTA S.A.,429,-56.1591119,-34.89197467
Montevideo,Montevideo,Dámaso A. Larrañaga 3434,Petrobras,2508 8832,1,SALVATORE I S.R.L.,430,-56.1519177,-34.87396739
Montevideo,Montevideo,Bvar. Batlle y Ordoñez 5550,Petrobras,2309 5249,1,SECONDO Y MARTINEZ LTDA.,432,-56.20072616,-34.83854602
Montevideo,Montevideo,Rambla Baltasar Brum  3038,Ducsa,2209 3809,1,SEDALER S.A.,433,-56.20662548,-34.87746382
Montevideo,Montevideo,Joaquín Suárez 3396,Petrobras,2208 4965,1,SERVINAF S.R.L.,437,-56.1960495,-34.86681522
Montevideo,Montevideo,Av. Italia 6740,Ducsa,2600 0850,1,SIDNEY S.A.,439,-56.06261351,-34.87808295
Montevideo,Montevideo,21 de setiembre 2489,Petrobras,2710 6345,1,SIMANOR S.A.,440,-56.161691,-34.9136104
Montevideo,Montevideo,Justicia 1937,Ducsa,2400 5224,1,TACUAREMBO LTDA.,441,-56.17874506,-34.89375974
Montevideo,Montevideo,Carlos María Ramírez  798,Ducsa,2309 3851,1,TAKEL LTDA.,442,-56.23477534,-34.86474147
Montevideo,Montevideo,Burgues 3799,Ducsa,2203 6097,1,TENORTE S.R.L.,443,-56.18196147,-34.85335882
Montevideo,Montevideo,Con. Ariel 4697,Ducsa,2358 3514,1,TEXARIEL S.R.L.,444,-56.21426455,-34.83513341
Montevideo,Montevideo,La Paz 1210,Petrobras,2900 4147,1,TILCOR S.A.,445,-56.19061786,-34.89938432
Montevideo,Montevideo,Angel Salvo  149,Ducsa,2308 3240,1,URUSALVO S.R.L.,448,-56.2166406,-34.86330355
Montevideo,Montevideo,Av. Millán 3771 esq. Joaquín Suárez,Ducsa,2336 5451 - 2336 2197,1,VERDERA E HIJO S.R.L.,452,-56.19619275,-34.85856805
Montevideo,Montevideo,Gral. Flores 2856,Petrobras,2203 6511,1,VIDAMAR LTDA.,453,-56.1786032,-34.87552341
Montevideo,Montevideo,Avda. Millán  4110,Petrobras,2309 4029,1,VIENTONOR S.A.,454,-56.19785314,-34.85032689
Montevideo,Montevideo,Gabriel Pereira 2708 casi Rivera,Petrobras,2709 9311,1,W. Genta y Cia. Ltda,456,-56.15555958,-34.90362838
Montevideo,Montevideo,Avda. Garzón 1028,Ducsa,2359 9247,1,WALTER HERNANDEZ Y ROSA MATTO,457,-56.2205465,-34.83058055
Montevideo,Montevideo,Avda. Rivera 5901,Ducsa,2600 3000,1,ZAGREB LTDA.,459,-56.07267066,-34.89061995
San José,Rafael Peraza,"Piamonte 444, Ruta 1 vieja Km. 72",Petrobras,2346 2541,0,ROMINA BELEN S.R.L.,549,-56.80005816,-34.52384263
San José,San José,"Ruta 3 km 90,500 esq. Aparicio Saravia",Petrobras,2342 3909,0,PETROSUR SAN JOSÉ S.R.L. ,548,-56.72722707,-34.34739669
Artigas,Artigas,Presidente Berreta 350,Ducsa,4772 2934,0,AROSA S.C.,104,-56.46509444,-30.40151111
Artigas,Artigas,Bvar. Artigas y Py Bass,Ducsa,4772 6205,0,TIFELCAR S.A.,108,-56.48407272,-30.41461451
Artigas,Baltasar Brum,25 de agosto s/n a 35 kms. Termas Arapey,Ducsa,4776 2046,0,AMILCAR SALOMÓN FERIS MONTERO,102,-57.32980766,-30.72108838
Artigas,Bella Unión,Avda. Artigas 1326,Petrobras,4479 2405,0,ALBANO HNOS. SRL.,101,-57.59467939,-30.25887797
Artigas,Bella Unión,Ruta 3 km 628,Ducsa,4779 2758 - 4779 3014,0,MARIMAR S.A.,106,-57.59189397,-30.25809286
Artigas,Bella Unión,Av.Artigas 1090 y Martín Dermit,Ducsa,4779 2051,0,RODOLFO Y NELSON BRAVI S.A.,107,-57.60022237,-30.26038649
Artigas,Tomás Gomensoro,Ruta 30 km. 20,Ducsa,4777 2322,0,GOMENSORO S.R.L,105,-57.44045554,-30.43028297
Canelones, Los Cerrillos,"Ruta 36 km 37,500",Ducsa,4336 3425,0,Comercializadora de Combustibles CERRILLOS S.R.L.,123,-56.36303058,-34.60836773
Canelones,Atlántida,Calle 11 e Interbalnearia,Petrobras,43722 079,0,DEBIFOX ,127,-55.76876874,-34.7678195
Canelones,Atlántida,"Ruta Interbalnearia km 46,600",Ducsa,4372 5107,0,PINARES DE ATLANTIDA S.R.L.,159,-55.76656006,-34.7677563
Canelones,Canelón Chico,Ruta 32 km 23,Ducsa,4368 9657 - 4368 9609,0,ALBERICO PIZZORNO S.R.L.,110,-56.1703002,-34.71407112
Canelones,Canelón Chico,Ruta 67 y ruta 32,Petrobras,4368 9667,0,MULTIPLAZA S.A.,153,-56.17230729,-34.67294699
Canelones,Canelón Chico,"Ruta 32 km 43,800",Ducsa,4313 2969,0,SANTOS LIMITADA,164,-56.16612338,-34.59464729
Canelones,Canelones,"Ruta 11 km 102,300",Ducsa,4332 5062,0,B.D.B. LTDA.,113,-56.24613853,-34.51340302
Canelones,Canelones,RUTA 8 KM 41 Y 1/2,Ducsa,4295 6476,0,DAFINET S.A.,126,-55.85654658,-34.69346567
Canelones,Canelones,Ruta 5 km 47,Ducsa,4332 2001 - 4332 3644,0,DOGLIOTTI & AGUILAR LIMITADA,130,-56.27597146,-34.51280451
Canelones,Canelones,A. Saravia 101,Ducsa,4332 2569,0,FERRE CAR CANELONES LTDA.,135,-56.27879167,-34.53268333
Canelones,Canelones,Ruta Interbalnearia km 48,Ducsa,4372 2627,0,MOUNTLINE S.A.,144,-55.73797797,-34.76011054
Canelones,Capitán Artigas,"Ruta 8 km 29,500",Petrobras,4288 2088,0,BOTIREL S.A.,115,-55.97242946,-34.73170185
Canelones,Carrasco del Sauce,Ruta 33 km 28.800,Ducsa,4296 5794 - 4296 5563 - 4296 6073,0,SUCESIÓN DE SERGIO TARALLO UMPIERREZ,166,-56.1102947,-34.68638107
Canelones,El Colorado,Ruta 36 km 28,Ducsa,4367 7663  - 4367  8021,0,BYD S.R.L,118,-56.3026329,-34.68165337
Canelones,Empalme Sauce,"Ruta 6 km 27,500",Petrobras,4297 0294,0,CRISTELL S.R.L.,124,-56.06027692,-34.71301933
Canelones,Juanicó,Ruta 5 km 36,Ducsa,4335 9323,0,CARLOS STARY Y CIA.,120,-56.26066433,-34.60617856
Canelones,La Floresta,Ruta interbalearia km 53,Petrobras,4373 8380,0,UDILER S.A.,171,-55.68450639,-34.74961853
Canelones,Los Cerrillos,Ruta 46 KM 40,Ducsa,4336 2049,0,MARBI LTDA.,147,-56.35730659,-34.60743383
Canelones,Migues,Feliciano Viera y Sarandí,Petrobras,4317 2066,0,DINCOL S.A.,128,-55.62850882,-34.48866079
Canelones,Pando,"Ruta 8 km 30,500",Ducsa,4292 2277 - 4292 2729,0,FORTEX S.R.L.,137,-55.96297413,-34.72590066
Canelones,Pando,Avda. Rooselvelt y Baltasar Brum,Ducsa,4292 2001 - 4292 1138 -4292 1140 - 4292 0071,0,TARAN & CIA. S.A.,169,-55.96121846,-34.72502247
Canelones,Paso de la Cadena,Ruta 64 y 81,Petrobras,4330 2106,0,MARIA JANELA SILVERA,148,-56.15542331,-34.44490432
Canelones,Pinamar,Ruta Interbalnearia km 36200,Ducsa,4376 7035 - 4376 9888,0,AGENCIA PINAMAR LTDA.,109,-55.86250278,-34.77876944
Canelones,Pinamar-Pque del Plata,Rta Interbalnearia km 51.500,Ducsa,4375 5179,0,PARQUE DEL PLATA LTDA.,155,-55.70997024,-34.75052304
Canelones,San Bautista,Ruta 6 y Calle 17 mts,Ducsa,4313 6037,0,MANS S.R.L.,145,-56.10834362,-34.75273124
Canelones,San Jacinto,Ruta 11 y 7 ,Petrobras,4399 2880,0,Codalur S.A.,122,-55.87415337,-34.54674314
Canelones,San Jacinto,Ruta 11 y Ruta 7,Ducsa,4399 2658 - 4399 2301,0,RUTA 11 S.R.L.,163,-55.87297274,-34.54722476
Canelones,San Luis,Ruta Interbalnearia km 63500,Ducsa,4378 2051,0,D´ANGELO Y DANGELO,125,-55.57664839,-34.76984913
Canelones,San Ramón,Artigas s/n y Penella,Ducsa,4312 2126,0,GONPE S.R.L.,138,-55.956725,-34.28738056
Canelones,San Ramón,Batlle y Ordoñez esq. Espinoza,Petrobras,4312 2137,0,"BENTANCOR DE SIMONE, MANUEL",146,-55.95741676,-34.28366071
Canelones,San Ramón,Avda. José Batlle y Ordoñez  1805,Ducsa,4312 2059 - 4312 4357,0,ROMILDO WALDEMAR PEREYRA SOSA,162,-55.9577224,-34.29906808
Canelones,Santa Lucia,Sarandí esquina Nardone,Ducsa,4334 6160 - 4334 8501,0,Ferre Car Sociedad Colectiva,136,-56.38939944,-34.45904469
Canelones,Santa Lucía,Ruta 11 y D. Lamas,Petrobras,4334 6114,0,CARLOS ALBERTO ROMERO IMODA,119,-56.38311779,-34.45825866
Canelones,Santa Rosa,Tomás Berreta casi Lavalleja,Ducsa,4313 2331,0,FERBRA S.R.L.,134,-56.03723138,-34.49804786
Canelones,Sauce,Carmelo R. González 2296,Petrobras,4294 0207,0,MADINSUL S.A.,143,-56.06561828,-34.64742321
Canelones,Sauce,Calle 33 s/n Ruta 6 vieja ,Ducsa,4294 0486,0,RECA LTDA.,160,-56.05868056,-34.64660556
Canelones,Sauce,Ruta 33 km 35 - Villanueva,Petrobras,4294 0277,0,"Villarino, Anelmar",174,-56.06280542,-34.64841804
Canelones,Soca,Zenón Burgueño s/n,Ducsa,4374 0006,0,TARAN & CIA. S.A.,168,-55.69893492,-34.6840687
Canelones,Tala,Avda. Artigas y Ruta 7,Ducsa,4315 4486,0,GUSTAVO CLAUDIO,139,-55.76321051,-34.34716715
Canelones,Tala,Berreta y Azuaga,Ducsa,4315 2014,0,Hugo Santos Ltda,140,-55.75867516,-34.3435953
Cerro Largo,Fraile Muerto,Ruta 7 y tramo 44,Ducsa,4688 9035,0,FRAILE MUERTO S.R.L,179,-54.51963333,-32.50769157
Cerro Largo,Melo,Av Fco. Mata y Dr. Heber Da Rosa,Ducsa,4642 3526,0,BARNEY MARTINEZ YARZA E HIJOS SOC. COL.,178,-54.16572426,-32.3756192
Cerro Largo,Melo,José P. Varela esq. Justino Muniz,Ducsa,4642 2060,0,JORGE MARTINEZ Y CIA. S.C.,181,-54.16977882,-32.37207438
Cerro Largo,Melo,Ejido y 18 de julio,Ducsa,4642 3380 - 4642 8047,0,MARIMAR S.A.,183,-54.16638488,-32.36294239
Cerro Largo,Melo,L.A.de Herrera 627,Petrobras,4642 2264,0,ROSI S.R.L.,185,-54.17071012,-32.3693244
Cerro Largo,Río Branco,Ruta 26 km 87,Ducsa,4675 2145 - 4675 2927,0,G y F LTDA.,180,-53.38797053,-32.59685589
Cerro Largo,Río Branco,Ruta 26 km 84,Ducsa,4675 4408,0,MARIMAR S.A.,182,,
Cerro Largo,Tupambaé,"Ruta 7 km 304,200",Ducsa,4685 2336,0,SAN CRISTOBAL DE TUPAMBAE S.R.L.,186,-54.76201945,-32.83840653
Colonia,Campana,Ruta 55 km  13,Ducsa,4570 6081,0,RUTA 55 S.R.L.,221,-57.90252002,-34.034716
Colonia,Carmelo,19 de Abril esq. Ituzaingó,Ducsa,4542 2191,0,Carmelo Automotores,194,-58.28200182,-33.99119984
Colonia,Carmelo,19 de Abril y Lavalleja,Petrobras,4542 2206,0,RECALADA S.R.L.,216,-58.28436607,-34.00117254
Colonia,Carmelo,Ruta 21 km 255.500,Ducsa,4542 2484,0,SERVICIOS CARMELO S.R.L.,223,-58.25825998,-34.02115532
Colonia,Cerro de las Armas,Ruta 106 km 207,Ducsa,4570 5008,0,EDUARDO ROSTAN,202,-57.72224546,-34.06571603
Colonia,Colonia,Ruta 1 y Casanello,Petrobras,4522 2820,0,Gasolinera del Sacramento S.R.L,205,-57.83927213,-34.46952712
Colonia,Colonia,Aparicio Saravia 991,Ducsa,4522 6350,0,PETITMAR S.A.,215,-57.84015395,-34.45435606
Colonia,Colonia,Ruta 2 km 148,Ducsa,4550 2023,0,RUTA 2 LTDA.,220,-57.3684128,-34.11986181
Colonia,Colonia,"Ruta 1 Km. 177,500",Ducsa,4522 2464 - 4522 2458 - 4522 5041,0,SARETT MESA RUBEN ALEJANDRO,222,-57.8421736,-34.47196287
Colonia,Colonia Valdelse,Ruta1 y Avda. Artigas 1084,Ducsa,4558 8824,0,DAMIMAR LTDA.,199,-57.2588519,-34.33631157
Colonia,Colonia Valdense,"Ruta 1 km. 121,500",Petrobras,4558 8928,0,FABIAN JULIO CESAR Y RUBEN DENIS S.R.L,203,-57.26741016,-34.33565726
Colonia,Conchillas,Ruta 21 Km. 228,Ducsa,4577 2011 - 4570 7087,0,CARLOS DANIEL CARRO RIGO,193,-58.06602,-34.10445583
Colonia,CONCHILLAS,Con. Vecinal de la Palmita (cont. Ruta 55),Ducsa,4570 2011,0,Presentti S.A.,593,-58.03406935,-34.16492106
Colonia,Cufré,Ruta 52 km 141.500,Ducsa,4550 2200,0,CUFRECITO LTDA.,198,-57.10436248,-34.19526059
Colonia,Estación Barker,Ramal Ruta 2 km 12,Ducsa,4550 2058,0,Alberto Gayol e hijo S.R.L,187,-57.45990407,-34.26052215
Colonia,Florencio Sánchez,Ruta 2 y 25 de Agosto,Ducsa,4536 9174,0,ORBITAX S.A.,211,-57.37270631,-33.87486515
Colonia,Juan Lacaze,Avda. Artigas 690,Ducsa,4586 5420,0,ILEM LTDA.,206,-57.44433655,-34.42782847
Colonia,Miguelete,José Artigas s/n,Ducsa,4575 2002 - 4575 2121,0,OSVALDO WILHTON BRATACHI AUTINO,213,,
Colonia,Nueva Helvecia,Av. Federico Giolomén 1284 y 25 de agosto,Ducsa,4554 4024,0,CARBAJAL LIMITADA,191,-57.23450888,-34.28381054
Colonia,Nueva Helvecia,Gilomen 1567,Ducsa,4554 5271,0,GALON S.R.L.,204,-57.23003622,-34.27914321
Colonia,Nueva Helvecia,Av. José Batlle y Ordóñez 652,Ducsa,4554 4250,0,"SILVIA INGOLD, ERNA SCHLUEB Y OTROS",225,-57.23441803,-34.30353743
Colonia,Nueva Helvecia,Avda. Batlle y Ordoñez s/n,Petrobras,4554 4191,0,TIO PATO LTDA.,228,-57.23558233,-34.29159741
Colonia,Nueva Palmira,José Enrique Rodó esq. Perú ,Ducsa,4544 6085,0,COMPAL S.R.L.,197,-58.41113524,-33.87200089
Colonia,Nueva Palmira,Gral. Artigas 1406,Ducsa,4544 6223,0,Ruta Doce S.A.,596,-58.40329291,-33.87781002
Colonia,Ombues de Lavalle,Zorrila de San Martín 750,Ducsa,4576 2319,0,ROBERTO DAVILA S.A.,218,-57.81412749,-33.94196714
Colonia,Ombues de Lavalle,Zorrila de San Martín y Exodo,Ducsa,4576 2047,0,Sicol Ltda.,224,-57.80944063,-33.937881
Colonia,Ombues de Lavalle,Zorrilla de San Martín 995,Petrobras,4576 2110,0,Sucesores de Orlando Maldonado S.R.L,226,-57.81022305,-33.93859966
Colonia,Pueblo Miguelete,José Artigas s/n  esq. Colonizadores Valdense,Ducsa,4575-2007,0,ARTUS S.R.L.,188,-57.64675775,-34.00653764
Colonia,Rosario,Sarandi 648,Petrobras,4552 2329,0,CASA BLANCO LTDA.,195,-57.35044909,-34.30807087
Colonia,Rosario,"Ruta 2 km 130,300",Ducsa,4552 2819,0,ROBLE FUERTE S.A.,219,-57.34996709,-34.32262844
Colonia,San Pedro,Ruta 83 km 11,Ducsa,4520 2120 - 4520 4407,0,Oscar O. Bertinat,212,-57.81986897,-34.2602642
Colonia,Tarariras,Av. Kennedy y los Sauces,Ducsa,4574 4075,0,MASART S.R.L.,208,-57.60478903,-34.26964892
Colonia,Tarariras,Avda. Kennedy y Rincón,Petrobras,4574 2128,0,LENDASUR S.A ,209,-57.6083619,-34.26607893
Durazno,Durazno,19 de Abril 1101,Petrobras,4362 5288,0,BLANQUEO S.A.,229,-56.52191031,-33.37094237
Durazno,Durazno,Ruta 5 y J- Suárez,Ducsa,4362 2549 - 4362 2531,0,DRESUR S.A.,234,-56.52288939,-33.39390683
Durazno,Durazno,Bolivar y Galarza sobre Ruta 5,Ducsa,99360628,0,INSUPERABLE S.A.,237,-56.52246541,-33.38755597
Durazno,Durazno,Francisco Sastre s/n esq. Faraut,Ducsa,4365 4713,0,ISMANE S.R.L.,238,-56.01042438,-33.23917745
Durazno,Durazno,Ruta 100 km 85 Carpinteria 5ta. Seccional,Ducsa,4360 5302,0,"ABI RACHED, JOSE MARIA Y CIA.",239,-55.9105253,-32.9500623
Durazno,La Paloma,Ruta 43 km 296,Ducsa,4360 3532 - 4360 5555 - 4360 3012,0,Hilario Abella S.R.L.,236,-55.57815474,-32.72774109
Durazno,Pueblo Blanquillo,Ruta 43,Ducsa,4366 2177,0,DILIA DELGADO DE BABIO,232,-55.61892685,-32.88600339
Durazno,Puntas de Malbajar,Ruta 6 y Ruta 43 km 238,Ducsa,4360 3193,0,CARLOS NORBERTO ECHENIQUE DUARTE,230,-55.45466346,-33.07600579
Durazno,Sarandí del Yí,Pte. Berro 604 y Avariza,Ducsa,4362 2069,0,FAVILL LTDA.,235,-55.63040638,-33.34568367
Durazno,Sarandí del Yí,Avda. Petrini esquina Pte. Berro,Petrobras,4367 9027,0,Nuñez Quinteros Carlos Alberto,241,-55.62411792,-33.3403082
Flores,Ismael Cortinas,4ta Sección Judicial,Ducsa,4539 2037,0,GASOLINERA CORTINAS LTDA.,245,-57.09116988,-33.95943209
Flores,Trinidad,Ruta 3 y Pancho López,Ducsa,4364 2290,0,BEROT Y BEROIS S.R.L.,243,-56.89514632,-33.52795663
Flores,Trinidad,Inés Durán 1006,Petrobras,4364 2463,0,GOÑI Y REYES S.R.L.,246,-56.9073767,-33.51293314
Flores,Trinidad,Inés Durán y Navea,Ducsa,4364 2746 - 4364 6339,0,PERDOMO Y CASCIANI LTDA.,247,-56.90814167,-33.51331389
Flores,Trinidad,Alfredo Puig  661,Ducsa,4364 2413 - 4364 4161,0,XIVILLER HNOS. LTDA.,248,-56.89644444,-33.51798889
Florida, Casupá,Asamblea de La Florida esq. Manuel Artigas,Ducsa,4311 2060,0,AGROCENTRO CASUPA S.R.L.,249,-55.65300731,-34.10019767
Florida,25 de Mayo,Independencia s/n,Ducsa,4339 2042,0,COLOMBO CHIARLA MARIA ROSA,253,-56.34233791,-34.19955227
Florida,Cardal,Av. Artigas S/N,Ducsa,4339 8023,0,COLOMBO CHIARLA MARIA ROSA,252,-56.39185316,-34.28872407
Florida,Cerro Colorado,Ruta 7 km 142.500,Ducsa,4318 2048,0,MARTINEZ MANZIONE S.R.L.,256,-55.54866677,-33.86212157
Florida,Chamizo,25 de Agosto s/n y Facundo Fernández,Ducsa,4319 2138,0,TORRES E HIJOS S.R.L.,262,-55.9174012,-34.24403582
Florida,Florida,Aparicio Saravia 751,Petrobras,4352 4086,0,BLANQUEO S.A.,250,-56.20813625,-34.09795531
Florida,Florida,"Ruta 5 km 95,5",Ducsa,4352 2926,0,SINTEL S.A.,259,-56.19611905,-34.09727092
Florida,Florida,Ruta 5 esq. José Pedro Varela,Petrobras,,0,BLANQUEO S.A.,595,-56.21383014,-34.08446295
Florida,Fray Marcos,"Cyro Giambruno s/n, Ruta N° 7",Ducsa,4311 7217,0,TACHI LTDA.,260,-55.74072566,-34.19609777
Florida,Mendoza,Ruta 5 km 74,Ducsa,4339 5024,0,Julio Lamadrid S.R.L.,255,-56.21578244,-34.28057839
Florida,Piedra Alta,18 de julio 356 esq. Dr. González,Ducsa,4352 2664,0,CARLOS SENATRE Y CIA.,251,-56.21093458,-34.09955921
Florida,Piedra Alta,Aparicio Saravia 410,Petrobras,4352 40 86,0,BLANQUEO S.A.,254,-56.21353562,-34.09384095
Florida,Sarandí Grande,"Ruta 5 km 139,500",Ducsa,4354 9143,0,"Pereira Runco, José",257,-56.30369637,-33.81047773
Florida,Sarandí Grande,Avda. Artigas  705,Ducsa,4354 9063,0,SARANDI GRANDE LTDA.,258,-56.32852501,-33.72447788
Lavalleja,Barrancas,Ruta 108 y Ruta 12,Ducsa,4440 2126,0,OLGA CORINA RUIK DENIS,268,-55.49195444,-34.29393719
Lavalleja,J.P.Varela,Cno. Nacional y 18 de Julio,Ducsa,4455 8970,0,SD VARELA LTDA,270,-54.52857637,-33.45598337
Lavalleja,José Batlle y Ordoñez,19 de abril y ruta 7,Ducsa,4469 2072,0,CANDAMIL LTDA.,265,-55.15013439,-33.4702003
Lavalleja,José Pedro Varela,Ruta 8 km 256,Petrobras,4455 9277,0,PANAMERICANA S.R.L.,269,-54.52538978,-33.45884425
Lavalleja,Mariscala,Ruta 8 km 182,Ducsa,4449 2401 - 4449 2082,0,LARROSA MARTINEZ IVAN DAVID,267,-54.78212365,-34.04660713
Lavalleja,Minas,18 de julio  643,Petrobras,4442 2151,0,ESTACION 18 DE JULIO LTDA.,266,,
Lavalleja,Minas,Diagonal Oribe y Luis A. de Herrera s/n,Ducsa,4442 3727 - 4442 3466,0,TELLAGORRY S.R.L.,272,-55.24642287,-34.3758568
Lavalleja,Minas,Roosvelt esq. Sarandí,Ducsa,4442 8526 - 4442 8691,0,TONYTEC S.A.,273,-55.24062355,-34.37646837
Lavalleja,Minas,Luis Alberto de Herrera y Avenida Artigas,Petrobras,,0,WALTER RAMÓN DIANO ESTEFAN,274,,
Lavalleja,Solís de Mataojo,Ruta 8 km 81,Ducsa,4447 4081,0,A. BONILLA S.R.L.,263,-55.46463949,-34.59118956
Maldonado,Aiguá,Gral. De la Llana s/n,Ducsa,4446 2120,0,Jorge Raggiotto,285,-54.76633411,-34.20187693
Maldonado,Cerro Pelado,Cno. Chiringuito y 17 mts,Ducsa,4224 4871 - 4224 4360,0,TEXOIL S.A.,299,-54.97759065,-34.88669951
Maldonado,Gregorio Aznares,Ruta 9 km. 87,Petrobras,4439 0016,0,BAYPE S.R.L.,275,-55.39794424,-34.74417863
Maldonado,José Ignacio,Ruta 10 y Saez,Ducsa,4486 2108,0,BETBEDER Y GOLFARINI LTDA.,276,-54.64305724,-34.83519293
Maldonado,La Barra,Ruta 10 km 159.800,Ducsa,4277 0188,0,LA ESTACION LTDA.,286,-54.86550205,-34.91046705
Maldonado,Maldonado,Cno. De Los Gauchos y Av. Aiguá,Ducsa,4223 8823,0,Festylend S.A.,280,-54.94314844,-34.90785783
Maldonado,Maldonado,Sta. Teresa y Avda Aiguá,Ducsa,4222 2021,0,FONBAY S.R.L.,282,-54.95288668,-34.90808458
Maldonado,Maldonado,Roosevelt y Zelmar Michelini,Ducsa,4223 6091 - 4223 8359,0,MULTISERVICE S.R.L.,288,-54.96070969,-34.91416794
Maldonado,Maldonado,Avda. Roosevelt s/n esq. Chiossi,Petrobras,,0,Cibencar S.A.,594,,
Maldonado,Pan de Azúcar,J. Batlle y Ordóñez 595 y W Quintela,Ducsa,4434 9077 - 4434 6029,0,MAR Y SIERRA S.R.L.,287,-55.22764056,-34.77721356
Maldonado,Pan de Azúcar,"Ruta 9 km. 106,500",Petrobras,4434 9082,0,TURAGRO S.R.L.,301,-55.2318223,-34.77953144
Maldonado,Piriápolis,Av. Piria y Reconquista,Petrobras,4432 0667,0,Ofinul S.A.,289,-55.26939253,-34.86473751
Maldonado,Piriápolis,Rambla de los Argentinos y Pereira,Ducsa,4432 2240 - 4432 0490,0,SAC LTDA.,292,-55.2838894,-34.8599097
Maldonado,Piriápolis,Puerto de Piriápolis,Ducsa,,0,SAC LTDA. ,293,-55.2790107,-34.87567755
Maldonado,PORTEZUELO,Interbalnearia km 118,Ducsa,4425 8251 - 4425 8990,0,BETBEDER Y GOLFARINI S.R.L.,277,-55.05243453,-34.87879833
Maldonado,Punta del Este,Roosevelt y Pedragosa Sierra Pda. 5,Ducsa,4249 1820,0,FONBAY S.R.L.,281,-54.93136308,-34.94264051
Maldonado,Punta del Este,20 esq. 30  ,Ducsa,4244 7046 - 4244 7409,0,STI LTDA.,294,-54.94157093,-34.95856704
Maldonado,Punta del Este,Puerto-Muelle,Ducsa,4244 7046 - 4244 7409,0,STI Ltda.,295,-54.94985187,-34.96188781
Maldonado,Punta del Este,Puerto Varadero,Ducsa,4244 7046 - 4244 7409,0,STI Ltda.,296,-54.94957621,-34.96373245
Maldonado,Punta del Este,Roosevelt y Naciones Unidas,Ducsa,4249 6952 - 4249 6953,0,STI Ltda. ,297,-54.9413798,-34.93300847
Maldonado,Punta del Este,Francia y Sader Pda. 2,Ducsa,4248 1601,0,TEXSERVICE S.R.L.,300,-54.9366601,-34.9541066
Maldonado,Punta del Este,Rambla Williman esq. Avelona,Petrobras,4249 0950,0,TUTARI S.R.L.,302,-54.95527597,-34.93256399
Maldonado,San Carlos,18 de Julio 1047,Ducsa,4266 9156 - 4266 9938,0,DIAMANTE LTDA.,278,-54.92070697,-34.79274497
Maldonado,San Carlos,ALvariza 1180,Petrobras,4426 69605,0,ICLAN S.A.,284,-54.92074638,-34.79144933
Montevideo,Montevideo,Colonia 1251,Ducsa,1707 int. 816,0,AUTOMOVIL CLUB DEL URUGUAY,316,-56.18914637,-34.90463705
Montevideo,Montevideo,Rambla Rep. Perú 715,Ducsa, 2711 7626 - 2712 5710,0,CELEMYR S.A.,328,-56.149032,-34.91922844
Montevideo,Montevideo,Agraciada 2640,Petrobras,,0,ESTACION SANTA FE LTDA.,355,-56.19415521,-34.88319121
Maldonado,Las Delicias,Rmbla. Williman y Avda. España - Parada 25,Axion,4222 2137,0,ELGORRIAGA LTDA.,279,-54.97180928,-34.91943103
Maldonado,Maldonado,Avda. Joaquín de Viana esq. Avda. Lavalleja,Axion,4223 9359,0,PREMILAR S.A.,290,-54.96314407,-34.90211937
Maldonado,Punta del Este,20 (El Remanso) y 30 (Las Focas),Axion,4244 0114 - 4244 4523,0,"SIMETO PORRAS, JUAN MARCELO",283,-54.94097496,-34.95851271
Canelones,Tala,Trelles y Borrazas,Axion,4315 2014,0,Victor y Ernesto Santos,173,-55.76464107,-34.34680044
Canelones,Canelones,Monegal esq. Miranda,Axion,4332 1427 - 4332 8954,0,PASEL S.A.,156,-56.27574532,-34.52259862
Canelones,Canelones,José Batlle y Ordoñez  947,Axion,4332 2792,0,LA PLAZA LTDA.,142,-56.28230004,-34.52419818
Canelones,Santa Lucía,Sarandí y Colombes,Axion,4334 9962,0,ZELETOP S.A.,176,-56.39341992,-34.4557549
San José,San José,Ruta 11 km 78.500,Axion,4338 9216,0,IWILL S.A.,542,-56.45203898,-34.43873018
San José,San José,"Ruta 3 km 93,500 ",Axion,4342 0600,0,OFISSI S.A.,547,-56.71704994,-34.32774193
San José,San José de Mayo,25 de mayo esq. Ciganda,Axion,4342 3442,0,OFISSI S.A.,546,-56.71263832,-34.34088173
San José,San José,Ruta 1 km 52 y J. E. Rodó,Axion,4345 5088,0,Zanadil S.A.,552,-56.62052898,-34.63707745
San José,San José,Avda. Artigas 1666,Axion,4349 2013,0,ARTLISS S.A.,531,,
Florida,Florida,Aparicio Saravia y Pocho Fernandez S/N,Axion,4352 9298,0,TELLADO Y BELLO S.R.L.,261,-56.21619827,-34.09132072
Durazno,Durazno,Simón Bolivar y Gral. Artigas,Axion,4362 2450,0,DINARDI SERVICIOS S.R.L.,233,-56.51774034,-33.3799183
Flores,Trinidad,Fondar 887,Axion,4364 2528,0,Agromotora Flores S.A.,242,-56.89772225,-33.52220518
Flores,Trinidad,Pancho López y Ruta 57,Axion,4364 7300,0,COSDONY S.A.,244,-56.90631164,-33.52744023
Durazno,Sarandí del Yí,Ellauri 545,Axion,4367 9054,0,LA CAVA AUTOMOVILES S.R.L.,240,-55.62845418,-33.3471159
Canelones,Las Toscas,Avda. Mario Ferreira esq. Central ,Axion,4372 2242,0,"PERIN ZANARDO, ANA MARIA",158,-55.73915137,-34.77314596
Canelones,Soca,Zenon Burgueño s/n,Axion,4374 0071,0,RIMIZOK S.A.,161,-55.7024301,-34.68401802
Maldonado,Piriápolis,Tucumán esq. Tarpani ,Axion,4432 5213,0,SABRINAL S.A.,291,-55.27534442,-34.86591246
Lavalleja,Minas,Luis Alberto de Herrera 504,Axion,4442 2272 - 4400 5050,0,BEKUSOL S.A,264,-55.24109258,-34.37013361
Lavalleja,Minas,Treinta y Tres 744,Axion,4442 2835,0,TALESIR S.A.,271,-55.24403454,-34.37318323
Rocha,Rocha,Ruta 9 y Ruta 15,Axion,4472 8354,0,ANFERAL LTDA.,502,-54.319762,-34.48677543
Colonia,Colonia,Roosevelt 210 esq. Dr. Baque,Axion,4522 1888,0,KALTIN S.A.,207,-57.83995003,-34.47011366
Soriano,Dolores,Avenida  Asencio 1895,Axion,4534 2401,0,GOTTERO HNOS. LTDA.,559,-58.21450934,-33.53454077
Colonia,Florencio Sánchez,25 de Agosto y Colonia,Axion,4536 9426,0,TECNOESSO S.R.L.,227,-57.37272351,-33.87467263
Colonia,Carmelo,Zorrilla de San Martín  502,Axion,4542 2442,0,PEDRO MAS COCCARO,214,-58.28648753,-33.99980041
Colonia,Nueva Palmira,Gral. Artigas 1143,Axion,4544 6575,0,DOMOTEX S.A.,201,-57.35427216,-34.31412737
Colonia,Nueva Helvecia,Luis A. de Herrera y G. Immoff,Axion,4554 5858,0,ODRIOZOLA LTDA.,210,-57.23505811,-34.29072773
Colonia,Colonia Valdense,Ruta 1 Intersección Avd. Artigas,Axion,4558 8895,0,RIMAN LTDA,217,-57.25941446,-34.33622333
Paysandú,Chapicuy,Ruta 3 km 452.500,Ducsa,4750 4010,0,Agroservicios Chapicuy limitada,460,-57.89172866,-31.6617778
Paysandú,Arroyo Malo,Ruta 3 a 30 kms de Quebracho (oeste),Ducsa,4750 4018,0,María Inés Mourglia,472,-58.10171162,-31.9271818
Paysandú,Guichón,Dr. Penza 269,Ducsa,4742 2009,0,ALFREDO PEREZUTTI E HIJO,461,-57.20221404,-32.35869132
Paysandú,MERINOS,18 de Julio s/n y 19 de Abril,Ducsa,4740 2043,0,ESTACIÓN MERINOS S.R.L.,599,,
Paysandú,Parada Constancia,Ruta Gral Artigas km 384,Ducsa,4720 2102,0,BASTIAN LTDA.,463,-58.00187492,-32.20654458
Paysandú,Parada Pandule,Ruta 90 km 63.500,Ducsa,4740 2079 - 4740 2656,0,CASA RIZZI LTDA.,464,-57.45607513,-32.38572018
Río Negro,Young,Montevideo 3354 esq. Rincón,Axion,4567 2176,0,TALMABYR S.A.,490,-57.63309233,-32.70286936
Paysandú,Paysandú,18 de julio y L. Batlle Berres,Petrobras,,0,PILEMUR S.A,465,-58.0894845,-32.31623274
Paysandú,Paysandú,Lenadro Gómez 1395,Ducsa,4722 4568,0,CYNEL S.A.,466,-58.07712254,-32.31864413
Paysandú,Paysandú,Ruta 3 km 366,Ducsa,4722 5488,0,CYNEL S.A.,467,-58.05089698,-32.35257801
Colonia,Conchillas,"Ruta 21 km 222,5",Axion,4577 2112,0,CLADEL S.R.L.,196,-58.00746683,-34.12055043
Paysandú,Paysandú,Avenida España y Juncal,Ducsa,4722 4517 - 4722 5138,0,Francolino Hnos. S.R.L,469,-58.07443288,-32.31838611
Colonia,Juan Lacaze,Avda Artigas 473,Axion,4586 5756,0,Automax Ltda.,190,-57.44374206,-34.42942633
Paysandú,Paysandú,18 de julio 850,Ducsa,4722 2354,0,LUANIR S.A.,471,-58.08944074,-32.31647617
Paysandú,Paysandú,Rep. Argentina y Chaplin,Petrobras,4722 4845,0,NOVEDAN S.A.,473,-58.05944194,-32.32133899
Paysandú,Paysandú,Ruta 90 km 6  1/2,Ducsa,4722 9527,0,Ofelia Raquel Paggi Chappuis,474,-58.03677265,-32.32523324
Paysandú,Paysandú,Charrua 1113,Ducsa,4722 5267  -  4723 4330,0,PETROVOLPE  S.R.L.,475,-58.08286604,-32.3141768
Paysandú,Paysandú,Avda. España 1553,Petrobras,4722 8896,0,RENYSUR S.A.,476,-58.07342646,-32.31819769
Paysandú,Paysandú,Avda. Salto  1050 esq. Montevideo,Ducsa,4722 5184,0,SMEREKA Y FERNANDEZ S.R.L.,479,-58.08289061,-32.30761801
Tacuarembó,Tacuarembó,Ruta 5 km 387,Axion,4633 2481,0,KIMDAN S.A,578,-55.97598427,-31.73181287
Paysandú,Piedra Sola,A 30 kms de Ruta 5,Ducsa,4630 8171,0,"ROSSO, PEDRO A.",478,-56.31133304,-32.08708613
Paysandú,Villa Quebracho,Dr. Raúl Martini s/n y 25 de Agosto,Ducsa,4754 2046,0,"Rodríguez Lorenzo, Mario",477,-57.900134,-31.93691135
Río Negro,Arroyo Grande,Ruta 3 km 278 (a 30 km de Young),Ducsa,4560 7540,0,"LAFLUF, JORGE DARÍO",482,-57.40894873,-32.90962387
Río Negro,Fray Bentos,Ruta 2 y 24,Ducsa,4560 2905,0,BOSQUE ALTO S.A.,481,,
Río Negro,Fray Bentos,18 de Julio y Giebert,Petrobras,4956 1800,0,PLUS ULTRAS.R.L.,483,-58.30697159,-33.12090673
Río Negro,Fray Bentos,18 de julio 1949,Ducsa,4562 2617,0,ROSTAN LTDA.,485,-58.30042209,-33.12589927
Río Negro,Fray Bentos,18 de Julio y 25 de Agosto - Fray Bentos,Ducsa,4562 2613,0,Sucesores de Ricardo M. Bordoli,489,-58.31112491,-33.11711124
Río Negro,Nuevo Berlín,Rivera y Artigas ,Ducsa,4568 2011,0,ZUCHETTI DE MEIRA S.R.L.,493,-58.05839358,-32.97977317
Río Negro,Paraje La Feria,Ruta 2 km 308,Ducsa,4562 2921,0,SUCESORES DE RICARDO BORDOLI S.R.L,488,-58.28570653,-33.14420605
Río Negro,San Javier,Basilio Lubkon y 27 de julio,Ducsa,4569 2040,0,SBURLATI MASSEY WALTER ROBERTO,486,-58.1357878,-32.66626839
Río Negro,Tres Bocas,Ruta 24 Y 25,Ducsa,4560 9000 - 4560 9012 - 4560 9180,0,"PONCE GUERRA, FRANKLIN ROBERTO",484,-57.91998519,-32.76591736
Tacuarembó,Tacuarembó,25 de Agosto 206,Axion,4633 3346,0,GRIMASON S.A.,576,-55.98228967,-31.71378272
Colonia,Rosario,Ruperto Borrás y Gral. Artigas,Axion,4634 1148,0,ASTROCAR S.A.,189,-57.35502852,-34.31566321
Río Negro,Young,Ruta 3 km 311,Petrobras,4567 3230,0,FUERZA ORIENTAL S.R.L.,491,-57.64157982,-32.69305196
Río Negro,Young,Montevideo y 12 de octubre ,Ducsa,4567 2233,0,VOLPE HNOS. LTDA.,492,-57.6311601,-32.70514032
Rivera, Tranqueras,Ruta 5 km 458,Ducsa,4650 6219,0,BUENA UNION S.R.L.,494,-55.66399676,-31.25187803
Rivera, Tranqueras,E.NAVARRO Y 25AGOSTO,Ducsa,4656 3000,0,BUENA UNION S.R.L.,597,,
Rivera,Minas de Corrales,Dr. Davinson  esq. Dr. Ros,Ducsa,4658 2984,0,E Y MARIO DACUNHA,496,-55.47151135,-31.57029626
Rivera,Paso de Castro,Dr. Luis Alberto de Herrera Nº 1255 entre 12 de octubre y Ruta Nº 5,Ducsa,4622 7770,0,MARFALUB S.A.,497,-55.53943421,-30.91524835
Rivera,Rivera,Brasil 1250,Petrobras,4622 2359,0,PERVINCOR S.A.,498,-55.5397662,-30.90455743
Rivera,Rivera,Agraciada y Reyles,Ducsa,4654 2129 - 4622 3372,0,RODINO Y MIGNOT S.R.L.,499,-55.54409529,-30.90409457
Rivera,Vichadero,Bvar. Artigas s/n,Ducsa,4654 2129,0,RODINO Y MIGNOT S.R.L.,500,-54.69211882,-31.77994758
Rivera,Vichadero,Blvar. Artigas 1128,Ducsa,4654 2019,0,RUBEN M. CARREIRA PEREIRA,501,-54.68688102,-31.7750495
Cerro Largo,Melo,Av. De las Américas 850,Axion,4643 1033,0,Aurreras S.R.L,177,,
Rocha,Castillos,Treinta y Tres esq. 19 de Abril ,Ducsa,4475 9050,0,SUC LUIS A. ROCCA S.R.L.,516,-53.857262,-34.198246
Rocha,Cebollatí,San Miguel s/n y Lascano,Ducsa,4459 9135,0,MARIMAR S.A.,512,-53.79554663,-33.27024385
Rocha,Chuy,Gral. Artigas  209,Ducsa,4474 2013,0,JUAN EDUARDO CARIBONI PEREYRA,511,-53.45527857,-33.69475215
Rocha,La Coronilla,"Ruta 9 km 314,400",Ducsa,4476 2887,0,ESTACION LA CORONILLA S.R.L.,508,-53.525314,-33.893299
Rocha,La Paloma,Av. Nicolás Solari y Del puerto,Ducsa,4479 6089,0,ESTEKORAL S.A.,509,-54.154816,-34.660023
Rocha,Lascano,Rincón y Ansina,Ducsa,4456 9475,0,EULOGIO F. DIAZ S.R.L.,506,-54.20612403,-33.67758024
Rocha,Pueblo 19 de Abril,Ruta 9 km 235,Ducsa,4470 2037,0,CORREA PÉREZ LTDA.,507,-54.070229,-34.362972
Tacuarembó,Paso de los Toros,Bvar. José Artigas 296,Axion,4664 2005,0,SUCESORES DE AMBROSIO ASPESI S.R.L.,583,-56.50482823,-32.81422724
Rocha,Rocha,Ramirez 199 esq.  Orosmán de Los Santos,Ducsa,4472 2365,0,ANGERS S.A.,503,-54.33322468,-34.48374491
Rocha,Rocha,Lavalleja y Gral. Artigas,Petrobras,4472 2895,0,AUTOSERVICIOS LIMITADA,504,-54.33333352,-34.4824956
Rocha,Rocha,Ruta 9 km 206.400,Ducsa,4472 4047,0,ROCCA Y CÍA S.A.,513,-54.327263,-34.496281
Rocha,Rocha,18 de Julio s/n y Orosmán de los Santos,Ducsa,4472 2425,0,ROCCA Y CÍA. S.A.,514,-54.33194,-34.482548
Rocha,"Rocha, Lascano",18 de Julio 1481,Ducsa,4456 7415,0,Eulogio F. Diaz S.R.L,510,-54.21125524,-33.67837602
Rocha,Velázquez,Ruta 15 (entre km 84 y 85),Ducsa,4457 7006,0,"CAMBRE CORREA, CARLOS CESAR",505,-54.27993343,-34.035697
Salto,Centro,W. Beltran 27,Ducsa,4733 2912,0,GARAGE URUGUAY S.R.L,519,-57.95299086,-31.38916015
Salto,Salto,Agraciada 801 esq. Asencio,Ducsa,4733 2851,0,"FERIS MONTERO, OMAR ANTONIO ",517,-57.96458484,-31.3842616
Tacuarembó,Paso de los Toros,Luis. A. de Herrera S/N,Axion,4664 2057,0,SILVA Y ROMANO S.R.L.,582,-56.50148664,-32.81703168
Salto,Salto,"Ruta 3 km 491,500",Ducsa,4732 3371,0,MIGLIARO Y CIA.,520,-57.93399796,-31.42615035
Salto,Salto,Blandengues y E. Amorin,Ducsa,4733 4379,0,MIGLIARO Y CIA.,521,-57.94393671,-31.37829058
Salto,Salto,Uruguay 1801,Ducsa,4733 2881 - 4733 0926,0,MIGLIARO Y CIA.,522,-57.95152297,-31.38878634
Cerro Largo,Fraile Muerto,Manuel Artuccio y Libres,Axion,4688 9025,0,PATRICIA LTDA.,184,-54.52408437,-32.51381394
Salto,Salto,J. Pedro Varela y Gobernador de Viana,Ducsa,4733 3760,0,SILVEIRA HNOS. S.R.L.,525,-57.94625834,-31.39314797
Salto,Salto,Av. Viera y Agraciada,Ducsa,4733 2513 - 4732 2037,0,Silveira S.R.L.,526,-57.96050849,-31.38506933
Salto,Salto,Artigas 902,Ducsa,4733 2317,0,SUCESIÓN DE JUAN PEDRO DI RAIMUNDO BACCARO,527,-57.96411437,-31.38905195
Salto,Salto,Artigas 999esq. Rincón ,Petrobras,4733 2440,0,TORRESTIR S.A.,528,-57.96298755,-31.38893149
Salto,Salto,Avda. Blandengues esq. Barbieri,Petrobras,4733 5021,0,TURIGAL S.A.,529,-57.9455936,-31.38499993
Salto,Villa Constitución,Independencia y Canelones,Ducsa,4764 2023,0,RODNEY OLIVERA S.R.L.,524,-57.84928399,-31.06925319
San José,Carreta Quemada,Ruta 45 km 107.500,Ducsa,4340 2101,0,BRANDO LTDA.,535,-56.556064,-34.17012069
San José,Del Plata,"Ruta 1 km 31,800",Ducsa,4347 9383,0,BERA LTDA.,532,-56.44172239,-34.73737608
San José,Ecilda Paulier,Avda. Artigas y José Pedro Varela s/n,Petrobras,4349 2203,0,ALBERTO EDUARDO GARCÍA OTHEGUY ,530,-57.05364486,-34.36036416
San José,Ecilda Paulier,Ruta 1 km 102.700,Ducsa,4349 2033,0,DULIO PERAZA S.R.L.,539,-57.077369,-34.35872545
San José,Libertad,"Ruta 1 km 51,500",Petrobras,4345 2221,0,SUNDEC S.A.,551,-56.61729803,-34.63940008
San José,PARAJE SAN GREGORIO,Ruta 3 km 140 zona Rural San Gregorio,Ducsa,4340 2395,0,SERVI-TEXXA II S.R.L.,543,-56.75284123,-33.93565971
San José,Puntas de San Gregorio,Ruta 1 km 66,Ducsa,4346 2019,0,BERA LTDA.,533,-56.74522655,-34.55888659
San José,Puntas de Valdez,Ruta 1 km 61,Ducsa,4345 9867,0,ERNESTO ESTEBAN WINKLER STRINGANO,540,-56.70068875,-34.58567307
Paysandú,Paysandú,Rincón 1306.-,Axion,4722 2045,0,Fumeaux e Hitateguy SC,470,-58.07880062,-32.31816274
San José,San José,Ruta 3 y José Pedro Varela,Ducsa,4342 3509,0,CASA ELIO OCAMPOS S.C.,537,-56.726025,-34.3324
San José,San José,"Ruta 1 km 53,300",Ducsa,4345 5309,0,GALAXOR S.A.,541,-56.63455889,-34.62817557
Paysandú,Paysandú,Avda. República Argentina y Bvar. Artigas ,Axion,4722 3227,0,FEBYCAR S.A.,468,-58.07067502,-32.31845359
San José,San José,Ruta 1 Km. 85,Ducsa,4346 2443,0,NIELOMAR S.A.,545,-56.90883989,-34.45604332
Paysandú,Paysandú,Setembrino Pereda 880,Axion,4722 4125,0,ATARIL S.A.,462,-58.08736357,-32.31772838
Paysandú,Paysandú,"Ruta 3 Km. 363,5",Axion,4722 7372,0,TIFENA S.A.,480,-58.04404925,-32.37152896
San José,San José de Mayo,Luis A. de Herrera 600,Petrobras,4342 3326,0,BESALCO S.A.,534,-56.71071886,-34.34387305
San José,San José de Mayo,Asamblea 666,Ducsa,4342 4000 - 4342 3444,0,CASA ELIO OCAMPOS S.C.,538,-56.71031493,-34.33965171
Salto,Salto,19 de Abril esq. Blanes,Axion,4733 2114,0,PARADA 19 S.A.,523,-57.95020721,-31.3869497
San José,San José de Mayo,Ruta 3 km. 92,Ducsa,4342 3776,0,SERVITEXXA S.R.L.,550,-56.7325572,-34.33521885
San José,Tropas Viejas,"Ruta 1 km 31,400",Petrobras,4347 8749,0,MISUROL S.A.,544,-56.43892218,-34.73949068
San José,Villa Rodriguez,Avda. Rodriguez y Diego Lamas,Ducsa,4348 2038,0,CASA ELIO OCAMPOS S.C.,536,-56.53757218,-34.38135608
Soriano,Agraciada,"Ruta 12 km 19,500",Ducsa,4540 4044,0,IBRIMAN S.A.,560,-58.26744912,-33.80947349
Soriano,Cañada Nieto,Ruta 96 km 44,Ducsa,4530 4057 - 4530 4093,0,SANDOKAN S.R.L.,568,-58.11268293,-33.69776324
Soriano,Cardona,Bvar. Cardona  N° 1421,Petrobras,4536 9218,0,SERVI AGRO S.R.L.,569,-57.37002076,-33.8732993
Soriano,Cardona,Constante Mendiondo s/n  a 50 mts de Boulevard,Ducsa,4536 9249,0,SERVICAR CARDONA SRL,570,-57.3725327,-33.87299929
Soriano,Cololó,Ruta 14 km 28.500,Ducsa,4532 2300 -4532 2347,0,ECHENIQUE GOMEZ LTDA.,556,-57.724258,-33.22291429
Salto,Salto,Pascual Harriague y Carlos Reyles. By pass ruta 3 km 484,Axion,4734 1244,0,Gadowel S.A.,518,-57.94096495,-31.41076213
Soriano,Dolores,Ruta 21 km 321,Ducsa,4534 3735,0,ILANIR S.A.,561,-58.20394104,-33.5177655
Soriano,Dolores,Asencio y Agraciada,Ducsa,4534 2326,0,Premazzi Ltda,564,-58.21550725,-33.53296154
Soriano,Dolores,Artigas y 25 de mayo,Petrobras,,0,VÍA SEGURA S.R.L.,571,-58.21425538,-33.52917203
Soriano,José E. Rodó,"Ruta 2 km 208,500",Ducsa,4538 2135,0,ROSA DROVANDI,567,-57.52633896,-33.70076907
Soriano,Mercedes,Ruta 2 km 278 ,Ducsa,4532 2300 - 4532 2347,0,ECHENIQUE GOMEZ LTDA.,555,-58.01753077,-33.26306292
Soriano,Mercedes,Florida y Oribe,Petrobras,4532 2806,0,Filippini S.R.L,557,-58.02723799,-33.24797831
Soriano,Mercedes,Rodó  730,Ducsa,4532 2980,0,RADIAL MERCEDES LTDA.,565,-58.03003745,-33.25036516
Soriano,Mercedes,Ruta 2 km 278 Y 1/2,Ducsa,4532 2981,0,RADIAL MERCEDES LTDA.,566,-58.01779828,-33.26189539
Soriano,Palo Salo,Ruta 12 y Ruta 96,Ducsa,4534 3735,0,Labiral S.A.,562,-58.02478694,-33.82955238
Soriano,Pueblo Risso,Ruta Nacional N° 2  Km 217 y 1/2,Ducsa,4530 8072,0,PETROCAMPO LTDA.,563,-57.57272345,-33.62688884
Soriano,Santa Catalina,Ruta 2 Km. 197,Ducsa,4538 8036,0,DAGUSSI LTDA.,554,-57.49190375,-33.79077121
Soriano,Soriano - Palmitas,José Peruchena s/n y V. Orcoyen,Ducsa,4537 9859,0,GASOLINERA SAN ISIDRO S.R.L.,558,-57.8046506,-33.50950595
Soriano,Villa Soriano,Lavalleja s/n,Ducsa,4530 4918,0,BOSQUE ALTO S.A.,553,-58.32251063,-33.39983935
Tacuarembó,Achar,Ruta 43 km 8,Petrobras,4660 42 09,0,Miguelar S.R.L.,579,-56.18117706,-32.40442544
Tacuarembó,Caraguatá,Ruta 26 km 355,Ducsa,4630 9190,0,CARAGUATÁ S.R.L.,573,-54.96675994,-32.23257922
Tacuarembó,Paso de los Toros,Ruta 5 km 251,Ducsa,4664 2117,0,CATALINA I S.R.L.,574,-56.52006122,-32.79348783
Tacuarembó,Paso de los Toros,Av. Artigas 208,Ducsa,4664  6306,0,Natmar S.R.L.,580,-56.50344915,-32.81544128
Rocha,Castillos,19 de Abril  1219,Axion,475 8769,0,RUBEN SEQUEIRA TECHERA,515,-53.86167678,-34.19906649
Artigas,Artigas,Bernabé Rivera 368 esq. Berreta,Axion,4772 1477 - 4773 2356,0,ANGERAL S.R.L.,103,-56.46432641,-30.40123329
Tacuarembó,San Gregorio de Polanco,Avda. Mollo 179,Ducsa,,0,SG POLANCO LTDA.,581,-55.83577924,-32.61760214
Tacuarembó,Tacuarembó,18 de Julio 418 y Catalogne,Ducsa,4633 1258,0,ADINEL S.A.,572,-55.98572582,-31.71846419
Tacuarembó,Tacuarembó,Pablo Ríos y Ruta 5,Ducsa,4632 3079 - 4632 3079,0,DISTANCIA S.A.,575,-55.97171793,-31.72653302
Montevideo,Montevideo,AV GARZON Y ARAGON  ,Axion,,0,Midebal S.A.,598,,
Tacuarembó,Tacuarembó,C. Ortiz y Ayala 228,Petrobras,4632 2888,0,GUALBERTO Y RODOLFO PEÑA,577,-55.98363522,-31.71640807
Río Negro,Young,Montevideo 3504,Axion,,0,DUCIANA S.A.,487,-57.63516183,-32.69989365
Tacuarembó,Villa Ansina,Ruta 44 casi 26,Ducsa,4630 9109,0,Wiston E. Dos Santos,584,-55.46228272,-31.87884411
Treinta y Tres,Cerro Chato,Julio Alberto Goday s/n esq. Manuel Oribe,Ducsa,4466 2016,0,MOTTA Y CÍA LTDA.,591,-55.13099109,-33.10110658
Treinta y Tres,La Charqueada,Av. Del Puerto s/n,Ducsa,4459 2022,0,ALENIC S.R.L.,585,-53.80344665,-33.20706147
Treinta y Tres,Sta.Clara de Olimar,25 de Agosto s/n   ,Ducsa,4464 5022,0,LA CATALUÑA S.R.L.,588,-54.94132052,-32.92415269
Treinta y Tres,Treinta y Tres,Ruta 18 km 359.500,Ducsa,,0,G Y F. LTDA.,587,-53.83376765,-32.83100121
Treinta y Tres,Treinta y Tres,Manuel Meléndez 497 ,Ducsa,4452 2810 - 4452 5945,0,MARIMAR S.A.,589,-54.38173919,-33.22973346
Treinta y Tres,Treinta y Tres,Ruta Nacional Nro. 8 Km. 285,Ducsa,4452 6558 - 4452 5494,0,MIVIDAL S.A.,590,-54.39770071,-33.23579585
Treinta y Tres,Treinta y Tres,M. Melendez 205,Petrobras,4452 2152,0,SELYNOR S.A.,592,-54.38728942,-33.23014102
Treinta y Tres,Vergara,Joaquín Suárez s/n y Fortunato Jara,Ducsa,4458 2012,0,G Y F LTDA.,586,-53.93714288,-32.93960146
